<?xml version="1.0" encoding="UTF-8"?>

<!--
 ! CCPL HEADER START
 !
 ! This work is licensed under the Creative Commons
 ! Attribution-NonCommercial-NoDerivs 3.0 Unported License.
 ! To view a copy of this license, visit
 ! http://creativecommons.org/licenses/by-nc-nd/3.0/
 ! or send a letter to Creative Commons, 444 Castro Street,
 ! Suite 900, Mountain View, California, 94041, USA.
 !
 ! See the License for the specific language governing permissions
 ! and limitations under the License.
 !
 ! If applicable, add the following below this CCPL HEADER, with the fields
 ! enclosed by brackets "[]" replaced with your own identifying information:
 !      Portions Copyright [yyyy] [name of copyright owner]
 !
 ! CCPL HEADER END
 !
 !      Copyright 2012-2015 ForgeRock AS.
 !
-->

<project xmlns="http://maven.apache.org/DECORATION/1.3.0"
         xmlns:xsi="http://www.w3.org/2001/XMLSchema-instance"
         xsi:schemaLocation="http://maven.apache.org/DECORATION/1.3.0 http://maven.apache.org/xsd/decoration-1.3.0.xsd">
    <skin>
        <groupId>org.forgerock.commons</groupId>
        <artifactId>forgerock-community-skin</artifactId>
        <version>1.0.0</version>
    </skin>
    <publishDate position="right" format="yyyy.MM.dd"/>
    <version position="right"/>
    <googleAnalyticsAccountId>UA-23412190-10</googleAnalyticsAccountId>
    <body>
        <menu name="Overview" img="images/arrow_right.png">
            <item name="Introduction" href="openicf-report.html"/>
        </menu>

        <menu name="Connector Core Docs">
            <item name="All Formats" href="docs.html" />
            <!--item name="Release Notes" href="./doc/release-notes/index.html" /-->
            <item name="Installation Guide" href="./doc/bootstrap/${project.artifactId}-${project.version}/index.html" />
        </menu>

        <menu ref="reports"/>
    </body>
    <custom>
        <googleAnalytics>UA-23412190-10</googleAnalytics>
        <openproject>
            <href>http://openicf.forgerock.org</href>
            <src>images/openicf-tagline-195x65.png</src>
            <alt>OpenICF</alt>
        </openproject>
        <siteSearchFQDN>forgerock.org</siteSearchFQDN>
    </custom>
</project>
