<?xml version="1.0" encoding="UTF-8"?>
<!--
  ! CCPL HEADER START
  !
  ! This work is licensed under the Creative Commons
  ! Attribution-NonCommercial-NoDerivs 3.0 Unported License.
  ! To view a copy of this license, visit
  ! http://creativecommons.org/licenses/by-nc-nd/3.0/
  ! or send a letter to Creative Commons, 444 Castro Street,
  ! Suite 900, Mountain View, California, 94041, USA.
  !
  ! You can also obtain a copy of the license at
  ! legal-notices/CC-BY-NC-ND.txt.
  ! See the License for the specific language governing permissions
  ! and limitations under the License.
  !
  ! If applicable, add the following below this CCPL HEADER, with the fields
  ! enclosed by brackets "[]" replaced with your own identifying information:
  !      Portions Copyright [yyyy] [name of copyright owner]
  !
  ! CCPL HEADER END
  !
  !      Copyright 2011-2015 ForgeRock AS
  !
-->
<book xml:id='connector-guide-org.forgerock.openicf.connectors-csvfile-connector-${project.version}'
      xmlns='http://docbook.org/ns/docbook' version='5.0' xml:lang='en'
      xmlns:xsi='http://www.w3.org/2001/XMLSchema-instance'
      xsi:schemaLocation='http://docbook.org/ns/docbook
 http://docbook.org/xml/5.0/xsd/docbook.xsd'
      xmlns:xinclude='http://www.w3.org/2001/XInclude'>
    <info>
        <title>${project.name} Installation and Configuration Reference</title>
        <abstract>
            <para>
                Provides installation instructions and configuration options for the
                ${project.name} version ${docTargetVersion}.</para>
        </abstract>
        <copyright>
            <year>2011-2015</year>
            <holder>ForgeRock AS</holder>
        </copyright>
        <authorgroup>
            <author>
                <personname>
                    <firstname>Gael </firstname><surname>Allioux</surname>
                </personname>
            </author>
        </authorgroup>
        <xinclude:include href="../legal.xml" />
        <date><?dbtimestamp format="B d, Y"?></date>
        <pubdate>Publication date: <?dbtimestamp format="B d, Y"?></pubdate>
        <releaseinfo><?eval ${softwareReleaseDate}?></releaseinfo>
    </info>

    <toc />

    <xinclude:include href="preface.xml" />
    <xinclude:include href="chap-install-csvfile-connector.xml" />
    <xinclude:include href="chap-config-csvfile-connector.xml" />
    <xinclude:include href='../shared/appendix-interfaces.xml' />
    <xinclude:include href='../shared/appendix-options.xml' />

    <index />
</book>
