<?xml version="1.0" encoding="UTF-8"?>
<!--
  ! CCPL HEADER START
  !
  ! This work is licensed under the Creative Commons
  ! Attribution-NonCommercial-NoDerivs 3.0 Unported License.
  ! To view a copy of this license, visit
  ! http://creativecommons.org/licenses/by-nc-nd/3.0/
  ! or send a letter to Creative Commons, 444 Castro Street,
  ! Suite 900, Mountain View, California, 94041, USA.
  !
  ! You can also obtain a copy of the license at
  ! legal-notices/CC-BY-NC-ND.txt.
  ! See the License for the specific language governing permissions
  ! and limitations under the License.
  !
  ! If applicable, add the following below this CCPL HEADER, with the fields
  ! enclosed by brackets "[]" replaced with your own identifying information:
  !      Portions Copyright [yyyy] [name of copyright owner]
  !
  ! CCPL HEADER END
  !
  !      Copyright 2013-2015 ForgeRock AS
  !
-->
<preface xml:id='preface-org.forgerock.openicf.connectors-groovy-connector-${project.version}'
 xmlns='http://docbook.org/ns/docbook' version='5.0' xml:lang='en'
 xmlns:xsi='http://www.w3.org/2001/XMLSchema-instance'
 xsi:schemaLocation='http://docbook.org/ns/docbook
 http://docbook.org/xml/5.0/xsd/docbook.xsd'
 xmlns:xinclude='http://www.w3.org/2001/XInclude'>
 <title>Preface</title>

 <para>
  This guide describes how to install and configure the ${connectorName}.
 </para>

 <section>
  <title>Who Should Use this Guide</title>
  <para>
   This guide is written for OpenICF administrators.
  </para>

 </section>

  <xinclude:include href="../shared/sec-formatting-conventions.xml" />
  <xinclude:include href="../shared/sec-accessing-doc-online.xml" />
  <xinclude:include href="../shared/sec-joining-the-community.xml" />
</preface>
